{
  "q": 0.1,
  "prevalences": [
    0.5,
    0.3,
    0.2,
    0.1,
    0.05,
    0.02,
    0.01
  ],
  "benchmark_cutoff": 0.394,
  "benchmark_fdr": [
    0.08190087465761407,
    0.17280623421655178,
    0.2575623269437382,
    0.4467814408286006,
    0.6329990515338906,
    0.8164150524096838,
    0.9002064341378943
  ],
  "conformal_fdr": [
    0.05137338200147799,
    0.0831670340762396,
    0.12912667047932475,
    0.1541663041044413,
    0.0,
    0.0,
    0.0
  ],
  "n_resamples": 300
}