{
  "gammas": [
    1.0,
    1.1,
    1.2,
    1.3,
    1.4,
    1.5,
    1.6,
    1.7,
    1.8,
    1.9,
    2.0,
    2.1,
    2.2,
    2.3,
    2.4,
    2.5,
    2.6,
    2.7,
    2.8,
    2.9,
    3.0,
    3.1,
    3.2,
    3.3,
    3.4,
    3.5,
    3.6,
    3.7,
    3.8,
    3.9,
    4.0,
    4.1,
    4.2,
    4.3,
    4.4,
    4.5,
    4.6,
    4.7,
    4.8,
    4.9,
    5.0,
    5.1,
    5.2,
    5.3,
    5.4,
    5.5,
    5.6,
    5.7,
    5.8,
    5.9,
    6.0,
    6.1,
    6.2,
    6.3,
    6.4,
    6.5,
    6.6,
    6.7,
    6.8,
    6.9,
    7.0,
    7.1,
    7.2,
    7.3,
    7.4,
    7.5,
    7.6,
    7.7,
    7.8,
    7.9,
    8.0,
    8.1,
    8.2,
    8.3,
    8.4,
    8.5,
    8.6,
    8.7,
    8.8,
    8.9,
    9.0,
    9.1,
    9.2,
    9.3,
    9.4,
    9.5,
    9.6,
    9.7,
    9.8,
    9.9,
    10.0,
    11.0,
    12.0,
    13.0,
    14.0,
    15.0,
    16.0,
    17.0,
    18.0,
    19.0,
    20.0,
    21.0,
    22.0,
    23.0,
    24.0,
    25.0,
    26.0,
    27.0,
    28.0,
    29.0,
    30.0,
    31.0,
    32.0,
    33.0,
    34.0,
    35.0,
    36.0,
    37.0,
    38.0,
    39.0,
    40.0,
    41.0,
    42.0,
    43.0,
    44.0,
    45.0,
    46.0,
    47.0,
    48.0,
    49.0,
    50.0
  ],
  "analytic_tilt": {
    "worst_case_fdr_curve": {
      "0.05": [
        0.001742456438589036,
        0.0019167020824479382,
        0.002090947726306842,
        0.002265193370165746,
        0.002439439014024649,
        0.002613684657883553,
        0.002787930301742457,
        0.0029621759456013607,
        0.0031364215894602644,
        0.0033106672333191676,
        0.003484912877178072,
        0.003659158521036977,
        0.0038334041648958764,
        0.00400764980875478,
        0.004181895452613684,
        0.004356141096472588,
        0.004530386740331492,
        0.004704632384190395,
        0.004878878028049298,
        0.005053123671908202,
        0.005227369315767106,
        0.0054016149596260105,
        0.005575860603484914,
        0.005750106247343819,
        0.0059243518912027214,
        0.006098597535061624,
        0.006272843178920529,
        0.0064470888227794315,
        0.006621334466638335,
        0.006795580110497239,
        0.006969825754356144,
        0.007144071398215049,
        0.007318317042073954,
        0.007492562685932848,
        0.007666808329791753,
        0.007841053973650655,
        0.00801529961750956,
        0.008189545261368463,
        0.008363790905227368,
        0.00853803654908627,
        0.008712282192945175,
        0.008886527836804077,
        0.009060773480662985,
        0.009235019124521885,
        0.00940926476838079,
        0.009583510412239695,
        0.009757756056098596,
        0.009932001699957501,
        0.010106247343816405,
        0.01028049298767531,
        0.010454738631534212,
        0.010628984275393117,
        0.010803229919252021,
        0.010977475563110923,
        0.011151721206969828,
        0.011325966850828734,
        0.011500212494687637,
        0.011674458138546541,
        0.011848703782405443,
        0.012022949426264348,
        0.012197195070123248,
        0.012371440713982156,
        0.012545686357841057,
        0.012719932001699958,
        0.012894177645558863,
        0.013068423289417765,
        0.01324266893327667,
        0.013416914577135569,
        0.013591160220994478,
        0.013765405864853383,
        0.013939651508712288,
        0.014113897152571196,
        0.014288142796430097,
        0.014462388440289003,
        0.014636634084147908,
        0.014810879728006808,
        0.014985125371865696,
        0.015159371015724602,
        0.015333616659583505,
        0.015507862303442406,
        0.01568210794730131,
        0.015856353591160215,
        0.01603059923501912,
        0.016204844878878022,
        0.016379090522736926,
        0.01655333616659583,
        0.016727581810454736,
        0.01690182745431364,
        0.01707607309817254,
        0.017250318742031447,
        0.01742456438589035,
        0.01916702082447939,
        0.020909477263068424,
        0.022651933701657467,
        0.024394390140246497,
        0.02613684657883553,
        0.027879303017424577,
        0.029621759456013617,
        0.03136421589460262,
        0.03310667233319166,
        0.0348491287717807,
        0.03659158521036973,
        0.03833404164895878,
        0.04007649808754781,
        0.04181895452613685,
        0.04356141096472589,
        0.045303867403314935,
        0.04704632384190396,
        0.048788780280492994,
        0.05053123671908201,
        0.05227369315767106,
        0.05401614959626009,
        0.055758606034849154,
        0.05750106247343817,
        0.059243518912027233,
        0.060985975350616235,
        0.06272843178920524,
        0.06447088822779432,
        0.06621334466638332,
        0.0679558011049724,
        0.0696982575435614,
        0.07144071398215047,
        0.07318317042073946,
        0.07492562685932853,
        0.07666808329791756,
        0.07841053973650662,
        0.08015299617509562,
        0.08189545261368464,
        0.0836379090522737,
        0.08538036549086271,
        0.08712282192945178
      ],