{
  "baseline_wcs_plain": {
    "0.05": 0.2895,
    "0.1": 0.3191,
    "0.2": 0.3668
  },
  "n_splits": 200,
  "methods": {
    "plain": {
      "0.05": {
        "pooled_fdr": 0.32142857142857145,
        "mean_ncert": 0.14
      },
      "0.1": {
        "pooled_fdr": 0.1762402088772846,
        "mean_ncert": 3.83
      },
      "0.2": {
        "pooled_fdr": 0.2279472382522671,
        "mean_ncert": 12.13
      }
    },
    "hard": {
      "0.05": {
        "pooled_fdr": 0.18329466357308585,
        "mean_ncert": 2.155
      },
      "0.1": {
        "pooled_fdr": 0.17498336660013306,
        "mean_ncert": 7.515
      },
      "0.2": {
        "pooled_fdr": 0.25127161749745675,
        "mean_ncert": 14.745
      }
    },
    "mondrian": {
      "0.05": {
        "pooled_fdr": 0.0,
        "mean_ncert": 0.0
      },
      "0.1": {
        "pooled_fdr": 0.32142857142857145,
        "mean_ncert": 0.14
      },
      "0.2": {
        "pooled_fdr": 0.2573770491803279,
        "mean_ncert": 6.1
      }
    }
  },
  "q_sweep": [
    0.05,
    0.1,
    0.2
  ]
}