{
    "confidence_score": 0.4550427496433258,
    "ptm": 0.4256160259246826,
    "iptm": 0.4693668782711029,
    "ligand_iptm": 0.0,
    "protein_iptm": 0.4693668782711029,
    "complex_plddt": 0.45146170258522034,
    "complex_iplddt": 0.437402606010437,
    "complex_pde": 4.325963497161865,
    "complex_ipde": 16.045507431030273,
    "chains_ptm": {
        "0": 0.5670472383499146,
        "1": 0.33361920714378357
    },
    "pair_chains_iptm": {
        "0": {
            "0": 0.5670472383499146,
            "1": 0.4693668782711029
        },
        "1": {
            "0": 0.3135371208190918,
            "1": 0.33361920714378357
        }
    }
}